CREATE TABLE "migrations" ("id" integer primary key autoincrement not null, "migration" varchar not null, "batch" integer not null);

INSERT INTO migrations VALUES (1, '0001_01_01_000000_create_users_table', 1);
INSERT INTO migrations VALUES (2, '0001_01_01_000001_create_cache_table', 1);
INSERT INTO migrations VALUES (3, '0001_01_01_000002_create_jobs_table', 1);
INSERT INTO migrations VALUES (4, '2023_06_01_000000_create_product_extras_table', 1);
INSERT INTO migrations VALUES (5, '2025_03_31_155548_create_categories_table', 1);
INSERT INTO migrations VALUES (6, '2025_03_31_155553_create_products_table', 1);
INSERT INTO migrations VALUES (7, '2025_03_31_155558_create_toppings_table', 1);
INSERT INTO migrations VALUES (8, '2025_03_31_155602_create_combos_table', 1);
INSERT INTO migrations VALUES (9, '2025_03_31_155607_create_combo_products_table', 1);
INSERT INTO migrations VALUES (10, '2025_03_31_155612_create_orders_table', 1);
INSERT INTO migrations VALUES (11, '2025_03_31_155615_create_order_items_table', 1);
INSERT INTO migrations VALUES (12, '2025_03_31_155620_create_discounts_table', 1);
INSERT INTO migrations VALUES (13, '2025_03_31_155625_create_product_toppings_table', 1);
INSERT INTO migrations VALUES (14, '2025_03_31_155625_create_settings_table', 1);
INSERT INTO migrations VALUES (15, '2025_04_01_000000_add_add_ons_to_products_table', 1);
INSERT INTO migrations VALUES (16, '2025_04_01_132856_create_combo_product_table', 1);
INSERT INTO migrations VALUES (17, '2025_04_01_133758_create_combo_upsell_product_table', 1);
INSERT INTO migrations VALUES (18, '2025_04_01_164757_add_is_combo_to_products_table', 1);
INSERT INTO migrations VALUES (19, '2025_04_01_164828_add_product_id_to_combos_table', 1);
INSERT INTO migrations VALUES (20, '2025_04_01_214205_add_is_popular_to_products_table', 1);
INSERT INTO migrations VALUES (21, 'create_combo_tables', 1);
INSERT INTO migrations VALUES (22, 'create_discount_tables', 1);
INSERT INTO migrations VALUES (23, '2025_04_02_134515_add_special_fields_to_products_table', 2);
CREATE TABLE sqlite_sequence(name,seq);

INSERT INTO sqlite_sequence VALUES ('migrations', 23);
INSERT INTO sqlite_sequence VALUES ('settings', 33);
INSERT INTO sqlite_sequence VALUES ('combos', 9);
INSERT INTO sqlite_sequence VALUES ('users', 3);
INSERT INTO sqlite_sequence VALUES ('categories', 13);
INSERT INTO sqlite_sequence VALUES ('products', 95);
INSERT INTO sqlite_sequence VALUES ('toppings', 24);
INSERT INTO sqlite_sequence VALUES ('product_toppings', 50);
INSERT INTO sqlite_sequence VALUES ('product_extras', 38);
INSERT INTO sqlite_sequence VALUES ('product_product_extra', 38);
INSERT INTO sqlite_sequence VALUES ('combo_product', 12);
INSERT INTO sqlite_sequence VALUES ('orders', 1);
INSERT INTO sqlite_sequence VALUES ('order_items', 1);
CREATE TABLE "users" ("id" integer primary key autoincrement not null, "name" varchar not null, "email" varchar not null, "email_verified_at" datetime, "password" varchar not null, "role" varchar not null default 'user', "remember_token" varchar, "created_at" datetime, "updated_at" datetime);

INSERT INTO users VALUES (1, 'Pizza Admin', 'admin@pisapizza.ca', '2025-04-02 06:31:52', '$2y$12$3Yjzs/XDPDA1QBkbwcIuOeKlP7MNePAnnlnKSNUvuqva7FYWLhNBS', 'user', 'SMNTxB8oG9', '2025-04-02 06:31:52', '2025-04-02 06:31:52');
INSERT INTO users VALUES (2, 'Admin', 'admin@example.com', NULL, '$2y$12$cPSC0nqJzo2uLmOB2G18i..vPPp8pCdW.RoybbX2GQkUcM1rqh5vK', 'user', NULL, '2025-04-02 06:52:49', '2025-04-02 06:52:49');
INSERT INTO users VALUES (3, 'New Admin', 'adminnn@pisapizza.ca', NULL, '$2y$12$5vvYDTixhy.fQsRCraNUFuS65SfJC7VF3m7p19h.002SgHigX791C', 'user', NULL, '2025-04-02 06:53:27', '2025-04-02 06:53:27');
CREATE TABLE "password_reset_tokens" ("email" varchar not null, "token" varchar not null, "created_at" datetime, primary key ("email"));

CREATE TABLE "sessions" ("id" varchar not null, "user_id" integer, "ip_address" varchar, "user_agent" text, "payload" text not null, "last_activity" integer not null, primary key ("id"));

INSERT INTO sessions VALUES ('IBiamYBaoQtJlXoDAdirJAu5xycFvDiPe3dWsMTx', 3, '127.0.0.1', 'Mozilla/5.0 (Macintosh; Intel Mac OS X 10_15_7) AppleWebKit/537.36 (KHTML, like Gecko) Chrome/134.0.0.0 Safari/537.36', 'YTo1OntzOjY6Il90b2tlbiI7czo0MDoiVHdOTG1DZ2ZJNFZGWk4zS2VGNXU0NUxFaDJlY0tQSENNb2k3OWhlOCI7czo5OiJfcHJldmlvdXMiO2E6MTp7czozOiJ1cmwiO3M6MjY6Imh0dHA6Ly8xMjcuMC4wLjE6ODAwMC9tZW51Ijt9czo2OiJfZmxhc2giO2E6Mjp7czozOiJvbGQiO2E6MDp7fXM6MzoibmV3IjthOjA6e319czo1MDoibG9naW5fd2ViXzU5YmEzNmFkZGMyYjJmOTQwMTU4MGYwMTRjN2Y1OGVhNGUzMDk4OWQiO2k6MztzOjQ6ImNhcnQiO2E6MDp7fX0=', 1743632877);
CREATE TABLE "cache" ("key" varchar not null, "value" text not null, "expiration" integer not null, primary key ("key"));

CREATE TABLE "cache_locks" ("key" varchar not null, "owner" varchar not null, "expiration" integer not null, primary key ("key"));

CREATE TABLE "jobs" ("id" integer primary key autoincrement not null, "queue" varchar not null, "payload" text not null, "attempts" integer not null, "reserved_at" integer, "available_at" integer not null, "created_at" integer not null);

CREATE TABLE "job_batches" ("id" varchar not null, "name" varchar not null, "total_jobs" integer not null, "pending_jobs" integer not null, "failed_jobs" integer not null, "failed_job_ids" text not null, "options" text, "cancelled_at" integer, "created_at" integer not null, "finished_at" integer, primary key ("id"));

CREATE TABLE "failed_jobs" ("id" integer primary key autoincrement not null, "uuid" varchar not null, "connection" text not null, "queue" text not null, "payload" text not null, "exception" text not null, "failed_at" datetime not null default CURRENT_TIMESTAMP);

CREATE TABLE "product_extras" ("id" integer primary key autoincrement not null, "name" varchar not null, "description" text, "price" numeric not null, "category_id" integer, "image" varchar, "active" tinyint(1) not null default '1', "max_quantity" integer not null default '5', "is_default" tinyint(1) not null default '0', "created_at" datetime, "updated_at" datetime, "deleted_at" datetime, foreign key("category_id") references "categories"("id") on delete set null);

INSERT INTO product_extras VALUES (1, 'Buffalo Hot', '', 0, NULL, NULL, 1, 1, 0, '2025-04-02 06:31:58', '2025-04-02 06:31:58', NULL);
INSERT INTO product_extras VALUES (2, 'Buffalo Medium', '', 0, NULL, NULL, 1, 1, 1, '2025-04-02 06:31:58', '2025-04-02 06:31:58', NULL);
INSERT INTO product_extras VALUES (3, 'Buffalo Mild', '', 0, NULL, NULL, 1, 1, 0, '2025-04-02 06:31:58', '2025-04-02 06:31:58', NULL);
INSERT INTO product_extras VALUES (4, 'BBQ', '', 0, NULL, NULL, 1, 1, 0, '2025-04-02 06:31:58', '2025-04-02 06:31:58', NULL);
INSERT INTO product_extras VALUES (5, 'Honey Garlic', '', 0, NULL, NULL, 1, 1, 0, '2025-04-02 06:31:58', '2025-04-02 06:31:58', NULL);
INSERT INTO product_extras VALUES (6, 'Salt & Pepper (Dry Rub)', '', 0, NULL, NULL, 1, 1, 0, '2025-04-02 06:31:58', '2025-04-02 06:31:58', NULL);
INSERT INTO product_extras VALUES (7, 'Lemon Pepper (Dry Rub)', '', 0, NULL, NULL, 1, 1, 0, '2025-04-02 06:31:58', '2025-04-02 06:31:58', NULL);
INSERT INTO product_extras VALUES (8, 'Cajun (Dry Rub)', '', 0, NULL, NULL, 1, 1, 0, '2025-04-02 06:31:58', '2025-04-02 06:31:58', NULL);
INSERT INTO product_extras VALUES (9, 'Buffalo Hot', '', 0, NULL, NULL, 1, 1, 0, '2025-04-02 06:31:58', '2025-04-02 06:31:58', NULL);
INSERT INTO product_extras VALUES (10, 'Buffalo Medium', '', 0, NULL, NULL, 1, 1, 1, '2025-04-02 06:31:58', '2025-04-02 06:31:58', NULL);
INSERT INTO product_extras VALUES (11, 'Buffalo Mild', '', 0, NULL, NULL, 1, 1, 0, '2025-04-02 06:31:58', '2025-04-02 06:31:58', NULL);
INSERT INTO product_extras VALUES (12, 'BBQ', '', 0, NULL, NULL, 1, 1, 0, '2025-04-02 06:31:58', '2025-04-02 06:31:58', NULL);
INSERT INTO product_extras VALUES (13, 'Honey Garlic', '', 0, NULL, NULL, 1, 1, 0, '2025-04-02 06:31:58', '2025-04-02 06:31:58', NULL);
INSERT INTO product_extras VALUES (14, 'Salt & Pepper (Dry Rub)', '', 0, NULL, NULL, 1, 1, 0, '2025-04-02 06:31:58', '2025-04-02 06:31:58', NULL);
INSERT INTO product_extras VALUES (15, 'Lemon Pepper (Dry Rub)', '', 0, NULL, NULL, 1, 1, 0, '2025-04-02 06:31:58', '2025-04-02 06:31:58', NULL);
INSERT INTO product_extras VALUES (16, 'Cajun (Dry Rub)', '', 0, NULL, NULL, 1, 1, 0, '2025-04-02 06:31:58', '2025-04-02 06:31:58', NULL);
INSERT INTO product_extras VALUES (17, 'Buffalo Hot', '', 0, NULL, NULL, 1, 1, 0, '2025-04-02 06:31:58', '2025-04-02 06:31:58', NULL);
INSERT INTO product_extras VALUES (18, 'Buffalo Medium', '', 0, NULL, NULL, 1, 1, 1, '2025-04-02 06:31:58', '2025-04-02 06:31:58', NULL);
INSERT INTO product_extras VALUES (19, 'Buffalo Mild', '', 0, NULL, NULL, 1, 1, 0, '2025-04-02 06:31:58', '2025-04-02 06:31:58', NULL);
INSERT INTO product_extras VALUES (20, 'BBQ', '', 0, NULL, NULL, 1, 1, 0, '2025-04-02 06:31:58', '2025-04-02 06:31:58', NULL);
INSERT INTO product_extras VALUES (21, 'Honey Garlic', '', 0, NULL, NULL, 1, 1, 0, '2025-04-02 06:31:58', '2025-04-02 06:31:58', NULL);
INSERT INTO product_extras VALUES (22, 'Salt & Pepper (Dry Rub)', '', 0, NULL, NULL, 1, 1, 0, '2025-04-02 06:31:58', '2025-04-02 06:31:58', NULL);
INSERT INTO product_extras VALUES (23, 'Lemon Pepper (Dry Rub)', '', 0, NULL, NULL, 1, 1, 0, '2025-04-02 06:31:58', '2025-04-02 06:31:58', NULL);
INSERT INTO product_extras VALUES (24, 'Cajun (Dry Rub)', '', 0, NULL, NULL, 1, 1, 0, '2025-04-02 06:31:58', '2025-04-02 06:31:58', NULL);
INSERT INTO product_extras VALUES (25, 'Ranch', '', 0, NULL, NULL, 1, 5, 0, '2025-04-02 06:31:58', '2025-04-02 06:31:58', NULL);
INSERT INTO product_extras VALUES (26, 'Blue Cheese', '', 0, NULL, NULL, 1, 5, 0, '2025-04-02 06:31:58', '2025-04-02 06:31:58', NULL);
INSERT INTO product_extras VALUES (27, 'Marinara', '', 0, NULL, NULL, 1, 5, 0, '2025-04-02 06:31:58', '2025-04-02 06:31:58', NULL);
INSERT INTO product_extras VALUES (28, 'Garlic', '', 0, NULL, NULL, 1, 5, 0, '2025-04-02 06:31:58', '2025-04-02 06:31:58', NULL);
INSERT INTO product_extras VALUES (29, 'BBQ', '', 0, NULL, NULL, 1, 5, 0, '2025-04-02 06:31:58', '2025-04-02 06:31:58', NULL);
INSERT INTO product_extras VALUES (30, 'Plum', '', 0, NULL, NULL, 1, 5, 0, '2025-04-02 06:31:58', '2025-04-02 06:31:58', NULL);
INSERT INTO product_extras VALUES (31, 'Buffalo Hot', '', 0, NULL, NULL, 1, 1, 0, '2025-04-02 11:58:12', '2025-04-02 11:58:12', NULL);
INSERT INTO product_extras VALUES (32, 'Buffalo Medium', '', 0, NULL, NULL, 1, 1, 1, '2025-04-02 11:58:12', '2025-04-02 11:58:12', NULL);
INSERT INTO product_extras VALUES (33, 'Buffalo Mild', '', 0, NULL, NULL, 1, 1, 0, '2025-04-02 11:58:12', '2025-04-02 11:58:12', NULL);
INSERT INTO product_extras VALUES (34, 'BBQ', '', 0, NULL, NULL, 1, 1, 0, '2025-04-02 11:58:12', '2025-04-02 11:58:12', NULL);
INSERT INTO product_extras VALUES (35, 'Honey Garlic', '', 0, NULL, NULL, 1, 1, 0, '2025-04-02 11:58:12', '2025-04-02 11:58:12', NULL);
INSERT INTO product_extras VALUES (36, 'Salt & Pepper (Dry Rub)', '', 0, NULL, NULL, 1, 1, 0, '2025-04-02 11:58:12', '2025-04-02 11:58:12', NULL);
INSERT INTO product_extras VALUES (37, 'Lemon Pepper (Dry Rub)', '', 0, NULL, NULL, 1, 1, 0, '2025-04-02 11:58:12', '2025-04-02 11:58:12', NULL);
INSERT INTO product_extras VALUES (38, 'Cajun (Dry Rub)', '', 0, NULL, NULL, 1, 1, 0, '2025-04-02 11:58:12', '2025-04-02 11:58:12', NULL);
CREATE TABLE "product_product_extra" ("id" integer primary key autoincrement not null, "product_id" integer not null, "product_extra_id" integer not null, "created_at" datetime, "updated_at" datetime, foreign key("product_id") references "products"("id") on delete cascade, foreign key("product_extra_id") references "product_extras"("id") on delete cascade);

INSERT INTO product_product_extra VALUES (31, 80, 31, NULL, NULL);
INSERT INTO product_product_extra VALUES (32, 80, 32, NULL, NULL);
INSERT INTO product_product_extra VALUES (33, 80, 33, NULL, NULL);
INSERT INTO product_product_extra VALUES (34, 80, 34, NULL, NULL);
INSERT INTO product_product_extra VALUES (35, 80, 35, NULL, NULL);
INSERT INTO product_product_extra VALUES (36, 80, 36, NULL, NULL);
INSERT INTO product_product_extra VALUES (37, 80, 37, NULL, NULL);
INSERT INTO product_product_extra VALUES (38, 80, 38, NULL, NULL);
CREATE TABLE "categories" ("id" integer primary key autoincrement not null, "name" varchar not null, "slug" varchar not null, "description" text, "image" varchar, "sort_order" integer not null default '0', "active" tinyint(1) not null default '1', "is_daily_special" tinyint(1) not null default '0', "day_of_week" varchar, "created_at" datetime, "updated_at" datetime);

INSERT INTO categories VALUES (1, 'Specialty Pizzas', 'specialty-pizzas', 'Our chef-crafted specialty pizzas with perfect combinations of premium toppings.', NULL, 1, 1, 0, NULL, '2025-04-02 06:31:52', '2025-04-02 06:31:52');
INSERT INTO categories VALUES (2, 'Build Your Own Pizza', 'build-your-own-pizza', 'Create your perfect pizza with your choice of fresh toppings.', NULL, 2, 1, 0, NULL, '2025-04-02 06:31:52', '2025-04-02 06:31:52');
INSERT INTO categories VALUES (3, 'Combos', 'combos', 'Value-packed meal deals that include pizzas, wings, and drinks.', NULL, 3, 1, 0, NULL, '2025-04-02 06:31:52', '2025-04-02 06:31:52');
INSERT INTO categories VALUES (4, 'Wings', 'wings', 'Jumbo wings with your choice of rubs and sauces.', NULL, 4, 1, 0, NULL, '2025-04-02 06:31:52', '2025-04-02 06:31:52');
INSERT INTO categories VALUES (5, 'Sides', 'sides', 'Garlic bread, dips, and other delicious sides.', NULL, 5, 1, 0, NULL, '2025-04-02 06:31:52', '2025-04-02 06:31:52');
INSERT INTO categories VALUES (6, 'Drinks', 'drinks', 'Refreshing beverages to complete your meal.', NULL, 6, 1, 0, NULL, '2025-04-02 06:31:52', '2025-04-02 06:31:52');
INSERT INTO categories VALUES (7, 'Monday Special', 'monday-special', 'Special deals available only on Mondays.', NULL, 7, 1, 1, 'monday', '2025-04-02 06:31:52', '2025-04-02 06:31:52');
INSERT INTO categories VALUES (8, 'Tuesday Special', 'tuesday-special', 'Special deals available only on Tuesdays.', NULL, 8, 1, 1, 'tuesday', '2025-04-02 06:31:52', '2025-04-02 06:31:52');
INSERT INTO categories VALUES (9, 'Wednesday Special', 'wednesday-special', 'Special deals available only on Wednesdays.', NULL, 9, 1, 1, 'wednesday', '2025-04-02 06:31:52', '2025-04-02 06:31:52');
INSERT INTO categories VALUES (10, 'Thursday Special', 'thursday-special', 'Special deals available only on Thursdays.', NULL, 10, 1, 1, 'thursday', '2025-04-02 06:31:52', '2025-04-02 06:31:52');
INSERT INTO categories VALUES (11, 'Weekend Special', 'weekend-special', 'Special deals available on Fridays, Saturdays, and Sundays.', NULL, 11, 1, 1, 'weekend', '2025-04-02 06:31:52', '2025-04-02 06:31:52');
INSERT INTO categories VALUES (12, '2 For 1 Pizzas', '2-for-1-pizzas', 'Great value 2-for-1 pizza deals with your choice of toppings.', NULL, 3, 1, 0, NULL, '2025-04-02 06:31:58', '2025-04-02 06:31:58');
INSERT INTO categories VALUES (13, 'Today''s Specials', 'todays-specials', 'Special deals available today', NULL, 12, 1, 0, NULL, '2025-04-02 13:51:36', '2025-04-02 13:51:36');
CREATE TABLE "products" ("id" integer primary key autoincrement not null, "category_id" integer not null, "name" varchar not null, "slug" varchar not null, "description" text, "image_path" varchar, "price" numeric not null default '0', "sizes" text, "max_toppings" integer, "free_toppings" integer default '0', "is_pizza" tinyint(1) not null default '0', "is_specialty" tinyint(1) not null default '0', "has_size_options" tinyint(1) not null default '0', "has_toppings" tinyint(1) not null default '0', "has_extras" tinyint(1) not null default '0', "active" tinyint(1) not null default '1', "is_featured" tinyint(1) not null default '0', "sort_order" integer not null default '0', "created_at" datetime, "updated_at" datetime, "add_ons" text, "is_combo" tinyint(1) not null default '0', "is_popular" tinyint(1) not null default '0', "display_day" varchar, "preselected_toppings" text, "is_customizable" tinyint(1) not null default '1', foreign key("category_id") references "categories"("id") on delete cascade);

INSERT INTO products VALUES (1, 1, 'Deluxe', 'deluxe', 'Loaded with pepperoni, Italian sausage, green peppers, mushrooms, and onions.', NULL, 0.0, '{"medium":15.99,"large":18.99,"xl":21.99,"jumbo":25.99}', 0.0, 0, 1, 1, 1, 1, 0, 1, 0, 1, '2025-04-02 06:31:52', '2025-04-02 06:37:18', '{"show_extra_toppings_toggle":true,"extra_topping_price":{"medium":1.6,"large":2.1,"xl":2.3}}', 0, 0, NULL, NULL, 1);
INSERT INTO products VALUES (2, 1, 'Canadian', 'canadian', 'Double Pepperoni, Mushrooms, Bacon, Extra Cheese', NULL, 0.0, '{"medium":15.49,"large":16.99,"xl":19.49}', 0.0, 4, 1, 1, 1, 1, 0, 1, 0, 1, '2025-04-02 06:31:58', '2025-04-02 06:31:58', '{"show_extra_toppings_toggle":true,"extra_topping_price":{"medium":1.6,"large":2.1,"xl":2.3}}', 0, 0, NULL, NULL, 1);
INSERT INTO products VALUES (3, 1, 'Hawaiian', 'hawaiian', 'Double Ham, Pineapple, Bacon, Extra Cheese', NULL, 0.0, '{"medium":15.49,"large":16.99,"xl":19.49}', 0.0, 4, 1, 1, 1, 1, 0, 1, 0, 1, '2025-04-02 06:31:58', '2025-04-02 06:31:58', '{"show_extra_toppings_toggle":true,"extra_topping_price":{"medium":1.6,"large":2.1,"xl":2.3}}', 0, 0, NULL, NULL, 1);
INSERT INTO products VALUES (4, 1, 'All Meat', 'all-meat', 'Pepperoni, Italian Sausage, Bacon, Ham, Ground Beef', NULL, 0.0, '{"medium":15.49,"large":16.99,"xl":19.49}', 0.0, 5, 1, 1, 1, 1, 0, 1, 0, 1, '2025-04-02 06:31:58', '2025-04-02 06:31:58', '{"show_extra_toppings_toggle":true,"extra_topping_price":{"medium":1.6,"large":2.1,"xl":2.3}}', 0, 0, NULL, NULL, 1);
INSERT INTO products VALUES (5, 1, 'Mexicana', 'mexicana', 'Sliced Tomatoes, Ground Beef, Hot Peppers, Onions, Mushrooms', NULL, 0.0, '{"medium":15.49,"large":16.99,"xl":19.49}', 0.0, 5, 1, 1, 1, 1, 0, 1, 0, 1, '2025-04-02 06:31:58', '2025-04-02 06:31:58', '{"show_extra_toppings_toggle":true,"extra_topping_price":{"medium":1.6,"large":2.1,"xl":2.3}}', 0, 0, NULL, NULL, 1);
INSERT INTO products VALUES (6, 1, 'Vegetarian', 'vegetarian', 'Mushrooms, Green Peppers, Tomatoes, Green Olives, Onions', NULL, 0.0, '{"medium":15.49,"large":16.99,"xl":19.49}', 0.0, 5, 1, 1, 1, 1, 0, 1, 0, 1, '2025-04-02 06:31:58', '2025-04-02 06:31:58', '{"show_extra_toppings_toggle":true,"extra_topping_price":{"medium":1.6,"large":2.1,"xl":2.3}}', 0, 0, NULL, NULL, 1);
INSERT INTO products VALUES (7, 1, 'Pisa', 'pisa', 'Chicken, Onions, Tomatoes, Mushrooms, Extra Cheese', NULL, 0.0, '{"medium":15.49,"large":16.99,"xl":19.49}', 0.0, 5, 1, 1, 1, 1, 0, 1, 0, 1, '2025-04-02 06:31:58', '2025-04-02 06:31:58', '{"show_extra_toppings_toggle":true,"extra_topping_price":{"medium":1.6,"large":2.1,"xl":2.3}}', 0, 0, NULL, NULL, 1);
INSERT INTO products VALUES (8, 1, 'Greek', 'greek', 'Mushrooms, Onions, Tomatoes, Feta Cheese, Black Olives', NULL, 0.0, '{"medium":15.49,"large":16.99,"xl":19.49}', 0.0, 5, 1, 1, 1, 1, 0, 1, 0, 1, '2025-04-02 06:31:58', '2025-04-02 06:31:58', '{"show_extra_toppings_toggle":true,"extra_topping_price":{"medium":1.6,"large":2.1,"xl":2.3}}', 0, 0, NULL, NULL, 1);
INSERT INTO products VALUES (9, 1, 'Chicken BBQ', 'chicken-bbq', 'BBQ Sauce, Chicken, Extra Cheese, Red Onions', NULL, 0.0, '{"medium":15.49,"large":16.99,"xl":19.49}', 0.0, 3, 1, 1, 1, 1, 0, 1, 0, 1, '2025-04-02 06:31:58', '2025-04-02 06:31:58', '{"show_extra_toppings_toggle":true,"extra_topping_price":{"medium":1.6,"large":2.1,"xl":2.3}}', 0, 0, NULL, NULL, 1);
INSERT INTO products VALUES (10, 1, 'Butter Chicken', 'butter-chicken', 'Pizza Butter Chicken Sauce, Butter Chicken, Tomatoes, Red Onions', NULL, 0.0, '{"medium":15.49,"large":16.99,"xl":19.49}', 0.0, 3, 1, 1, 1, 1, 0, 1, 0, 1, '2025-04-02 06:31:58', '2025-04-02 06:31:58', '{"show_extra_toppings_toggle":true,"extra_topping_price":{"medium":1.6,"large":2.1,"xl":2.3}}', 0, 0, NULL, NULL, 1);
INSERT INTO products VALUES (11, 1, 'Mediterranean', 'mediterranean', 'Sun-dried Tomato, Black Olives, Red Onion, Feta Cheese', NULL, 0.0, '{"medium":15.49,"large":16.99,"xl":19.49}', 0.0, 4, 1, 1, 1, 1, 0, 1, 0, 1, '2025-04-02 06:31:58', '2025-04-02 06:31:58', '{"show_extra_toppings_toggle":true,"extra_topping_price":{"medium":1.6,"large":2.1,"xl":2.3}}', 0, 0, NULL, NULL, 1);
INSERT INTO products VALUES (12, 1, 'Meatball Pizza', 'meatball-pizza', 'Meatballs, Green Peppers, Bacon, Onions', NULL, 0.0, '{"medium":15.49,"large":16.99,"xl":19.49}', 0.0, 4, 1, 1, 1, 1, 0, 1, 0, 1, '2025-04-02 06:31:58', '2025-04-02 06:31:58', '{"show_extra_toppings_toggle":true,"extra_topping_price":{"medium":1.6,"large":2.1,"xl":2.3}}', 0, 0, NULL, NULL, 1);
INSERT INTO products VALUES (13, 1, 'Shawarma Pizza', 'shawarma-pizza', 'Shawarma Sauce, Chicken, Onions, Tomato', NULL, 0.0, '{"medium":15.49,"large":16.99,"xl":19.49}', 0.0, 3, 1, 1, 1, 1, 0, 1, 0, 1, '2025-04-02 06:31:58', '2025-04-02 06:31:58', '{"show_extra_toppings_toggle":true,"extra_topping_price":{"medium":1.6,"large":2.1,"xl":2.3}}', 0, 0, NULL, NULL, 1);
INSERT INTO products VALUES (14, 2, 'Medium Pizza', 'medium-pizza', 'Medium pizza with up to 4 toppings', 'products/medium-pizza.jpeg', 16.99, NULL, 4.0, 4, 1, 0, 0, 1, 1, 1, 0, 1, '2025-04-02 06:31:58', '2025-04-02 16:59:25', '{"extra_topping_price":1.6,"show_extra_toppings_toggle":true}', 0, 0, NULL, NULL, 1);
INSERT INTO products VALUES (15, 2, 'Large Pizza', 'large-pizza', 'Large pizza with up to 4 toppings', 'products/large-pizza.jpeg', 17.99, NULL, 4.0, 4, 1, 0, 0, 1, 1, 1, 0, 2, '2025-04-02 06:31:58', '2025-04-02 16:59:25', '{"extra_topping_price":2.1,"show_extra_toppings_toggle":true}', 0, 0, NULL, NULL, 1);
INSERT INTO products VALUES (16, 2, 'X-Large Pizza', 'x-large-pizza', 'X-Large pizza with up to 4 toppings', 'products/x-large-pizza.jpeg', 18.99, NULL, 4.0, 4, 1, 0, 0, 1, 1, 1, 0, 3, '2025-04-02 06:31:58', '2025-04-02 16:59:25', '{"extra_topping_price":2.3,"show_extra_toppings_toggle":true}', 0, 0, NULL, NULL, 1);
INSERT INTO products VALUES (17, 2, 'Jumbo Pizza', 'jumbo-pizza', 'Jumbo pizza with up to 3 toppings', 'products/jumbo-pizza.jpeg', 23.99, NULL, 3.0, 3, 1, 0, 0, 1, 1, 1, 0, 4, '2025-04-02 06:31:58', '2025-04-02 16:59:25', '{"extra_topping_price":2.9,"show_extra_toppings_toggle":true}', 0, 0, NULL, NULL, 1);
INSERT INTO products VALUES (18, 2, 'Slab Pizza', 'slab-pizza', 'Slab pizza with up to 3 toppings', 'products/slab-pizza.jpeg', 27.99, NULL, 3.0, 3, 1, 0, 0, 1, 1, 1, 0, 5, '2025-04-02 06:31:58', '2025-04-02 16:59:25', '{"extra_topping_price":2.9,"show_extra_toppings_toggle":true}', 0, 0, NULL, NULL, 1);
INSERT INTO products VALUES (19, 2, 'Panzerotti', 'panzerotti', 'Panzerotti with up to 3 toppings', 'products/panzerotti.jpeg', 16.99, NULL, 3.0, 3, 1, 0, 0, 1, 1, 1, 0, 6, '2025-04-02 06:31:58', '2025-04-02 16:59:25', '{"extra_topping_price":1.6,"show_extra_toppings_toggle":true}', 0, 0, NULL, NULL, 1);
INSERT INTO products VALUES (20, 12, '2 For 1 Medium Pizzas', '2-for-1-medium-pizzas', 'Two medium pizzas with up to 3 toppings each', 'products/2-for-1-medium-pizzas.jpeg', 26.99, NULL, 3.0, 3, 1, 0, 0, 1, 1, 1, 0, 1, '2025-04-02 06:31:58', '2025-04-02 16:59:24', '{"extra_topping_price":1.6,"show_extra_toppings_toggle":true,"separate_toppings_for_pizzas":true,"num_pizzas":2,"add_third_pizza":{"name":"Add 3rd Pizza","price":10.99},"max_pizzas":3}', 0, 0, NULL, NULL, 1);
INSERT INTO products VALUES (21, 12, '2 For 1 Large Pizzas', '2-for-1-large-pizzas', 'Two large pizzas with up to 3 toppings each', 'products/2-for-1-large-pizzas.jpeg', 29.99, NULL, 3.0, 3, 1, 0, 0, 1, 1, 1, 0, 2, '2025-04-02 06:31:58', '2025-04-02 16:59:24', '{"extra_topping_price":2.1,"show_extra_toppings_toggle":true,"separate_toppings_for_pizzas":true,"num_pizzas":2,"add_third_pizza":{"name":"Add 3rd Pizza","price":12.99},"max_pizzas":3}', 0, 0, NULL, NULL, 1);
INSERT INTO products VALUES (22, 12, '2 For 1 X-Large Pizzas', '2-for-1-x-large-pizzas', 'Two X-Large pizzas with up to 3 toppings each', 'products/2-for-1-x-large-pizzas.jpeg', 32.99, NULL, 3.0, 3, 1, 0, 0, 1, 1, 1, 0, 3, '2025-04-02 06:31:58', '2025-04-02 16:59:25', '{"extra_topping_price":2.3,"show_extra_toppings_toggle":true,"separate_toppings_for_pizzas":true,"num_pizzas":2,"add_third_pizza":{"name":"Add 3rd Pizza","price":13.99},"max_pizzas":3}', 0, 0, NULL, NULL, 1);
INSERT INTO products VALUES (23, 12, '2 For 1 Jumbo Pizzas', '2-for-1-jumbo-pizzas', 'Two jumbo pizzas with up to 3 toppings each', 'products/2-for-1-jumbo-pizzas.jpeg', 40.99, NULL, 3.0, 3, 1, 0, 0, 1, 1, 1, 0, 4, '2025-04-02 06:31:58', '2025-04-02 16:59:24', '{"extra_topping_price":2.9,"show_extra_toppings_toggle":true,"separate_toppings_for_pizzas":true,"num_pizzas":2}', 0, 0, NULL, NULL, 1);
INSERT INTO products VALUES (24, 12, '2 For 1 Slab Pizzas', '2-for-1-slab-pizzas', 'Two slab pizzas with up to 3 toppings each', 'products/2-for-1-slab-pizzas.jpeg', 49.99, NULL, 3.0, 3, 1, 0, 0, 1, 1, 1, 0, 5, '2025-04-02 06:31:58', '2025-04-02 16:59:25', '{"extra_topping_price":2.9,"show_extra_toppings_toggle":true,"separate_toppings_for_pizzas":true,"num_pizzas":2,"add_third_pizza":{"name":"Add 3rd Pizza","price":24.99},"max_pizzas":3}', 0, 0, NULL, NULL, 1);
INSERT INTO products VALUES (49, 6, '4 Pops', '4-pops', 'Four 355ml pop cans', NULL, 4.99, NULL, NULL, 0, 0, 0, 0, 0, 0, 1, 0, 1, '2025-04-02 06:31:58', '2025-04-02 06:31:58', NULL, 0, 0, NULL, NULL, 1);
INSERT INTO products VALUES (50, 6, '2L Pop', '2l-pop', '2L bottle of pop', NULL, 3.49, NULL, NULL, 0, 0, 0, 0, 0, 0, 1, 0, 2, '2025-04-02 06:31:58', '2025-04-02 06:31:58', NULL, 0, 0, NULL, NULL, 1);
INSERT INTO products VALUES (52, 3, '2 Medium Pizzas Combo', 'two-medium-pizzas-combo-1743593956', '2 Medium Pizzas (3 toppings each), 2 lbs Wings, 4 Pops, Veggie Sticks, Blue Cheese, Free Dipping Sauce', 'products/two-medium-pizzas-combo-1743593956.jpeg', 43.99, '{"medium":{"price":43.99}}', 3.0, 3, 1, 0, 0, 1, 1, 1, 1, 1, '2025-04-02 07:39:16', '2025-04-02 16:59:25', '{"third_pizza":{"name":"Add 3rd Pizza","description":"Add a third medium pizza with 3 toppings","price":10.99},"garlic_bread":{"name":"Free Garlic Bread","description":"Add free garlic bread to your order","price":0,"options":{"add_cheese":{"name":"Add Cheese","price":1.5}}},"pop_selection":{"name":"Pop Selection","description":"Choose your 4 included pops","price":0,"options":["Coke","Pepsi","Sprite","Diet Coke","Diet Pepsi","Dr Pepper","Orange Crush","Cream Soda","Brisk Ice Tea","Canada Dry","Water bottle"]}}', 0, 0, NULL, NULL, 1);
INSERT INTO products VALUES (53, 3, '2 Large Pizzas Combo', 'two-large-pizzas-combo-1743593959', '2 Large Pizzas (3 toppings each), 3 lbs Wings, 4 Pops, Veggie Sticks, Blue Cheese, Free Dipping Sauce', 'products/two-large-pizzas-combo-1743593959.jpeg', 53.99, '{"large":{"price":53.99}}', 3.0, 3, 1, 0, 0, 1, 1, 1, 1, 2, '2025-04-02 07:39:19', '2025-04-02 16:59:25', '{"third_pizza":{"name":"Add 3rd Pizza","description":"Add a third large pizza with 3 toppings","price":12.99},"garlic_bread":{"name":"Free Garlic Bread","description":"Add free garlic bread to your order","price":0,"options":{"add_cheese":{"name":"Add Cheese","price":1.5}}},"pop_selection":{"name":"Pop Selection","description":"Choose your 4 included pops","price":0,"options":["Coke","Pepsi","Sprite","Diet Coke","Diet Pepsi","Dr Pepper","Orange Crush","Cream Soda","Brisk Ice Tea","Canada Dry","Water bottle"]}}', 0, 0, NULL, NULL, 1);
INSERT INTO products VALUES (54, 3, '2 X-Large Pizzas Combo', 'two-xlarge-pizzas-combo-1743593962', '2 X-Large Pizzas (3 toppings each), 3 lbs Wings, 4 Pops, Veggie Sticks, Blue Cheese, Free Dipping Sauce', 'products/two-xlarge-pizzas-combo-1743593962.jpeg', 56.99, '{"xlarge":{"price":56.99}}', 3.0, 3, 1, 0, 0, 1, 1, 1, 1, 3, '2025-04-02 07:39:22', '2025-04-02 16:59:25', '{"third_pizza":{"name":"Add 3rd Pizza","description":"Add a third X-Large pizza with 3 toppings","price":13.99},"garlic_bread":{"name":"Free Garlic Bread","description":"Add free garlic bread to your order","price":0,"options":{"add_cheese":{"name":"Add Cheese","price":1.5}}},"pop_selection":{"name":"Pop Selection","description":"Choose your 4 included pops","price":0,"options":["Coke","Pepsi","Sprite","Diet Coke","Diet Pepsi","Dr Pepper","Orange Crush","Cream Soda","Brisk Ice Tea","Canada Dry","Water bottle"]}}', 0, 0, NULL, NULL, 1);
INSERT INTO products VALUES (55, 3, 'Ultimate Pizza & Wings Combo', 'ultimate-pizza-wings-combo-1743593965', '1 Pizza with Cheese + 3 Toppings, Wings (12 for Medium, 3 lbs for others), Veggie Sticks, Blue Cheese, and Free Dipping Sauce', 'products/ultimate-pizza-wings-combo-1743593965.jpeg', 27.99, '{"medium":{"price":27.99,"wings":12},"large":{"price":38.99,"wings":"3 lbs"},"xlarge":{"price":40.99,"wings":"3 lbs"},"jumbo":{"price":44.99,"wings":"3 lbs"},"slab":{"price":50.99,"wings":"3 lbs"}}', 3.0, 3, 1, 0, 1, 1, 1, 1, 1, 4, '2025-04-02 07:39:25', '2025-04-02 16:59:25', '{"second_pizza":{"name":"Add 2nd Pizza","description":"Add a second pizza (only available for Jumbo)","price":15.99,"only_for_sizes":["jumbo"]},"extra_wings":{"name":"Extra Wings","description":"Add more wings to your combo","price":10.49,"per_unit":"lb"},"pop":{"name":"Add Pop","description":"Add 4 pops to your combo","price":4.99,"options":["Coke","Pepsi","Sprite","Diet Coke","Diet Pepsi","Dr Pepper","Orange Crush","Cream Soda","Brisk Ice Tea","Canada Dry","Water bottle"]}}', 0, 0, NULL, NULL, 1);
INSERT INTO products VALUES (56, 5, 'Fried Chicken Dumplings (12 pcs)', 'fried-chicken-dumplings-12-pcs', 'Delicious fried chicken dumplings', NULL, 9.99, NULL, NULL, 0, 0, 0, 0, 0, 0, 1, 0, 1, '2025-04-02 11:58:12', '2025-04-02 11:58:12', NULL, 0, 0, NULL, NULL, 1);
INSERT INTO products VALUES (57, 5, 'Masala Fries', 'masala-fries', 'Fries with masala spices', NULL, 9.99, NULL, NULL, 0, 0, 0, 0, 0, 0, 1, 0, 2, '2025-04-02 11:58:12', '2025-04-02 11:58:12', NULL, 0, 0, NULL, NULL, 1);
INSERT INTO products VALUES (58, 5, 'Nachos with Salsa (M)', 'nachos-with-salsa-m', 'Medium nachos with salsa, lettuce, green pepper, tomatoes', NULL, 12.49, NULL, NULL, 0, 0, 0, 0, 0, 0, 1, 0, 3, '2025-04-02 11:58:12', '2025-04-02 11:58:12', NULL, 0, 0, NULL, NULL, 1);
INSERT INTO products VALUES (59, 5, 'Nachos with Salsa (L)', 'nachos-with-salsa-l', 'Large nachos with salsa, lettuce, green pepper, tomatoes', NULL, 14.49, NULL, NULL, 0, 0, 0, 0, 0, 0, 1, 0, 4, '2025-04-02 11:58:12', '2025-04-02 11:58:12', NULL, 0, 0, NULL, NULL, 1);
INSERT INTO products VALUES (60, 5, 'Chicken Burger', 'chicken-burger', 'Delicious chicken burger', NULL, 6.49, NULL, NULL, 0, 0, 0, 0, 0, 0, 1, 0, 5, '2025-04-02 11:58:12', '2025-04-02 11:58:12', NULL, 0, 0, NULL, NULL, 1);
INSERT INTO products VALUES (61, 5, 'Chicken Fingers with Fries', 'chicken-fingers-with-fries', 'Crispy chicken fingers served with fries', NULL, 8.99, NULL, NULL, 0, 0, 0, 0, 0, 0, 1, 0, 6, '2025-04-02 11:58:12', '2025-04-02 11:58:12', NULL, 0, 0, NULL, NULL, 1);
INSERT INTO products VALUES (62, 5, 'Buffalo Chicken Wrap', 'buffalo-chicken-wrap', 'Buffalo chicken wrap', NULL, 9.99, NULL, NULL, 0, 0, 0, 0, 0, 0, 1, 0, 7, '2025-04-02 11:58:12', '2025-04-02 11:58:12', NULL, 0, 0, NULL, NULL, 1);
INSERT INTO products VALUES (63, 5, 'Shawarma Style Wrap', 'shawarma-style-wrap', 'Shawarma style wrap', NULL, 10.99, NULL, NULL, 0, 0, 0, 0, 0, 0, 1, 0, 8, '2025-04-02 11:58:12', '2025-04-02 11:58:12', NULL, 0, 0, NULL, NULL, 1);
INSERT INTO products VALUES (64, 5, 'Samosa Poutine', 'samosa-poutine', 'Poutine with samosa', NULL, 11.99, NULL, NULL, 0, 0, 0, 0, 0, 0, 1, 0, 9, '2025-04-02 11:58:12', '2025-04-02 11:58:12', NULL, 0, 0, NULL, NULL, 1);
INSERT INTO products VALUES (65, 5, 'Chicken Quesadilla', 'chicken-quesadilla', 'Chicken quesadilla', NULL, 10.99, NULL, NULL, 0, 0, 0, 0, 0, 0, 1, 0, 10, '2025-04-02 11:58:12', '2025-04-02 11:58:12', NULL, 0, 0, NULL, NULL, 1);
INSERT INTO products VALUES (66, 5, 'Lasagna', 'lasagna', 'Classic lasagna', NULL, 10.99, NULL, NULL, 0, 0, 0, 0, 0, 0, 1, 0, 11, '2025-04-02 11:58:12', '2025-04-02 11:58:12', NULL, 0, 0, NULL, NULL, 1);
INSERT INTO products VALUES (67, 5, 'Wedges', 'wedges', 'Potato wedges', NULL, 7.99, NULL, NULL, 0, 0, 0, 0, 0, 0, 1, 0, 12, '2025-04-02 11:58:12', '2025-04-02 11:58:12', NULL, 0, 0, NULL, NULL, 1);
INSERT INTO products VALUES (68, 5, 'Fries', 'fries', 'Crispy french fries', NULL, 7.99, NULL, NULL, 0, 0, 0, 0, 0, 0, 1, 0, 13, '2025-04-02 11:58:12', '2025-04-02 11:58:12', NULL, 0, 0, NULL, NULL, 1);
INSERT INTO products VALUES (69, 5, 'Shawarma Poutine', 'shawarma-poutine', 'Poutine with shawarma', NULL, 12.99, NULL, NULL, 0, 0, 0, 0, 0, 0, 1, 0, 14, '2025-04-02 11:58:12', '2025-04-02 11:58:12', NULL, 0, 0, NULL, NULL, 1);
INSERT INTO products VALUES (70, 5, 'Poutine', 'poutine', 'Classic poutine', NULL, 8.99, NULL, NULL, 0, 0, 0, 0, 0, 0, 1, 0, 15, '2025-04-02 11:58:12', '2025-04-02 11:58:12', NULL, 0, 0, NULL, NULL, 1);
INSERT INTO products VALUES (71, 5, 'Shawarma Sub', 'shawarma-sub', 'Shawarma sub sandwich', NULL, 9.99, NULL, NULL, 0, 0, 0, 0, 0, 0, 1, 0, 16, '2025-04-02 11:58:12', '2025-04-02 11:58:12', NULL, 0, 0, NULL, NULL, 1);
INSERT INTO products VALUES (72, 5, 'Meatball Sub', 'meatball-sub', 'Meatball sub sandwich', NULL, 8.99, NULL, NULL, 0, 0, 0, 0, 0, 0, 1, 0, 17, '2025-04-02 11:58:12', '2025-04-02 11:58:12', NULL, 0, 0, NULL, NULL, 1);
INSERT INTO products VALUES (73, 5, 'Pizza 3-Item Sub', 'pizza-3-item-sub', '3-Item pizza sub', NULL, 8.99, NULL, NULL, 0, 0, 0, 0, 0, 0, 1, 0, 18, '2025-04-02 11:58:12', '2025-04-02 11:58:12', NULL, 0, 0, NULL, NULL, 1);
INSERT INTO products VALUES (74, 5, '3-Item Panzerotti', '3-item-panzerotti', 'Panzerotti with 3 items', NULL, 11.99, NULL, NULL, 0, 0, 0, 0, 0, 0, 1, 0, 19, '2025-04-02 11:58:12', '2025-04-02 11:58:12', NULL, 0, 0, NULL, NULL, 1);
INSERT INTO products VALUES (75, 5, 'Garlic Bread', 'garlic-bread', 'Freshly baked garlic bread', NULL, 3.3, NULL, NULL, 0, 0, 0, 0, 0, 0, 1, 0, 20, '2025-04-02 11:58:12', '2025-04-02 11:58:12', NULL, 0, 0, NULL, NULL, 1);
INSERT INTO products VALUES (76, 5, 'Garlic Bread with Cheese', 'garlic-bread-with-cheese', 'Freshly baked garlic bread with cheese', NULL, 4.49, NULL, NULL, 0, 0, 0, 0, 0, 0, 1, 0, 21, '2025-04-02 11:58:12', '2025-04-02 11:58:12', NULL, 0, 0, NULL, NULL, 1);
INSERT INTO products VALUES (77, 5, 'Greek Salad', 'greek-salad', 'Greek salad with feta cheese', NULL, 9.49, NULL, NULL, 0, 0, 0, 0, 0, 0, 1, 0, 22, '2025-04-02 11:58:12', '2025-04-02 11:58:12', NULL, 0, 0, NULL, NULL, 1);
INSERT INTO products VALUES (78, 5, 'Caesar Salad', 'caesar-salad', 'Classic caesar salad', NULL, 9.49, NULL, NULL, 0, 0, 0, 0, 0, 0, 1, 0, 23, '2025-04-02 11:58:12', '2025-04-02 11:58:12', NULL, 0, 0, NULL, NULL, 1);
INSERT INTO products VALUES (79, 5, 'Onion Rings', 'onion-rings', 'Crispy onion rings', NULL, 7.99, NULL, NULL, 0, 0, 0, 0, 0, 0, 1, 0, 24, '2025-04-02 11:58:12', '2025-04-02 11:58:12', NULL, 0, 0, NULL, NULL, 1);
INSERT INTO products VALUES (80, 5, '12 Wings', '12-wings', '12 pieces of wings', NULL, 14.99, NULL, NULL, 0, 0, 0, 0, 0, 1, 1, 0, 25, '2025-04-02 11:58:12', '2025-04-02 11:58:12', NULL, 0, 0, NULL, NULL, 1);
INSERT INTO products VALUES (81, 5, 'Stuffed Jalapeños (6 pcs)', 'stuffed-jalapenos-6-pcs', '6 stuffed jalapeños', NULL, 7.99, NULL, NULL, 0, 0, 0, 0, 0, 0, 1, 0, 26, '2025-04-02 11:58:12', '2025-04-02 11:58:12', NULL, 0, 0, NULL, NULL, 1);
INSERT INTO products VALUES (82, 5, 'Mozzarella Sticks (6 pcs)', 'mozzarella-sticks-6-pcs', '6 mozzarella sticks', NULL, 7.99, NULL, NULL, 0, 0, 0, 0, 0, 0, 1, 0, 27, '2025-04-02 11:58:12', '2025-04-02 11:58:12', NULL, 0, 0, NULL, NULL, 1);
INSERT INTO products VALUES (83, 13, '1 X-Large Pizza (1 Topping)', '1-x-large-pizza-1-topping', 'One X-Large pizza with 1 topping of your choice', NULL, 12.99, NULL, 1.0, 0, 1, 0, 0, 1, 0, 1, 0, 0, '2025-04-02 13:51:36', '2025-04-02 13:51:36', NULL, 0, 0, NULL, NULL, 1);
INSERT INTO products VALUES (84, 13, '1 Medium Pizza (5 Toppings)', '1-medium-pizza-5-toppings', 'One Medium pizza with up to 5 toppings of your choice', NULL, 12.99, NULL, 5.0, 0, 1, 0, 0, 1, 0, 1, 0, 0, '2025-04-02 13:51:36', '2025-04-02 13:51:36', NULL, 0, 0, NULL, NULL, 1);
INSERT INTO products VALUES (85, 13, '1 X-Large Pizza (3 Toppings)', '1-x-large-pizza-3-toppings', 'One X-Large pizza with up to 3 toppings of your choice', NULL, 15.99, NULL, 3.0, 0, 1, 0, 0, 1, 0, 1, 0, 0, '2025-04-02 13:51:36', '2025-04-02 13:51:36', NULL, 0, 0, NULL, NULL, 1);
INSERT INTO products VALUES (86, 13, '2 Large Pizzas (6 Toppings Combined)', '2-large-pizzas-6-toppings-combined', 'Two Large pizzas with up to 3 toppings each (6 toppings combined)', NULL, 27.99, NULL, 3.0, 0, 1, 0, 0, 1, 0, 0, 0, 0, '2025-04-02 13:51:36', '2025-04-02 14:45:04', NULL, 0, 0, NULL, NULL, 1);
INSERT INTO products VALUES (87, 13, '1 lb Chicken Wings', '1-lb-chicken-wings', 'Delicious chicken wings (1 lb)', NULL, 10.49, NULL, NULL, 0, 0, 0, 0, 0, 0, 1, 0, 0, '2025-04-02 13:51:36', '2025-04-02 13:51:36', NULL, 0, 0, NULL, NULL, 0);
INSERT INTO products VALUES (88, 13, '1 Large Pizza & 1 lb Wings & 3 Pops', '1-large-pizza-1-lb-wings-3-pops', 'One Large pizza with up to 3 toppings, 1 pound of wings, and 3 pops', 'products/1-large-pizza-1-lb-wings-3-pops.jpeg', 25.99, NULL, 3.0, 0, 1, 0, 0, 1, 0, 1, 0, 0, '2025-04-02 13:51:36', '2025-04-02 16:59:24', NULL, 0, 0, NULL, NULL, 1);
INSERT INTO products VALUES (89, 7, 'Monday Special - Large Pizza (3 Toppings)', 'monday-special-large-pizza-3-toppings', 'One Large pizza with up to 3 toppings of your choice', NULL, 11.49, NULL, 3.0, 0, 1, 0, 0, 1, 0, 1, 0, 0, '2025-04-02 13:51:36', '2025-04-02 13:51:36', NULL, 0, 0, 'Monday', NULL, 1);
INSERT INTO products VALUES (90, 8, 'Tuesday Special - 2 Medium Pizzas (1 Topping Each)', 'tuesday-special-2-medium-pizzas-1-topping-each', 'Two Medium pizzas with 1 topping each', NULL, 13.49, NULL, 1.0, 0, 1, 0, 0, 1, 0, 1, 0, 0, '2025-04-02 13:51:36', '2025-04-02 13:51:36', NULL, 0, 0, 'Tuesday', NULL, 1);
INSERT INTO products VALUES (91, 9, 'Wednesday Special - Medium Pepperoni Pizza & 1 lb Wings', 'wednesday-special-medium-pepperoni-pizza-1-lb-wings', 'One Medium Pepperoni pizza and 1 pound of wings', NULL, 15.99, NULL, 1.0, 0, 1, 0, 0, 1, 0, 1, 0, 0, '2025-04-02 13:51:36', '2025-04-02 13:51:36', NULL, 0, 0, 'Wednesday', '"[1]"', 1);
INSERT INTO products VALUES (92, 10, 'Thursday Special - Medium Nachos', 'thursday-special-medium-nachos', 'Medium Nachos with salsa', NULL, 11.49, NULL, NULL, 0, 0, 0, 0, 0, 0, 1, 0, 0, '2025-04-02 13:51:36', '2025-04-02 13:51:36', NULL, 0, 0, 'Thursday', NULL, 0);
INSERT INTO products VALUES (93, 11, 'Friday Special - Pizza Sub (3 Toppings)', 'friday-special-pizza-sub-3-toppings', 'Pizza Sub with up to 3 toppings of your choice', NULL, 8.99, NULL, 3.0, 0, 0, 0, 0, 1, 0, 1, 0, 0, '2025-04-02 13:51:36', '2025-04-02 13:51:36', NULL, 0, 0, 'Friday', NULL, 1);
INSERT INTO products VALUES (94, 11, 'Saturday Special - 2 lbs Chicken Wings', 'saturday-special-2-lbs-chicken-wings', 'Delicious chicken wings (2 lbs)', NULL, 17.49, NULL, NULL, 0, 0, 0, 0, 0, 0, 1, 0, 0, '2025-04-02 13:51:36', '2025-04-02 13:51:36', NULL, 0, 0, 'Saturday', NULL, 0);
INSERT INTO products VALUES (95, 11, 'Sunday Special - Shawarma Poutine', 'sunday-special-shawarma-poutine', 'Delicious Shawarma Poutine', NULL, 12.99, NULL, NULL, 0, 0, 0, 0, 0, 0, 1, 0, 0, '2025-04-02 13:51:36', '2025-04-02 13:51:36', NULL, 0, 0, 'Sunday', NULL, 0);
CREATE TABLE "toppings" ("id" integer primary key autoincrement not null, "name" varchar not null, "category" varchar check ("category" in ('meat', 'veggie', 'cheese', 'sauce', 'spice')) not null default 'veggie', "counts_as" integer not null default '1', "price_factor" float not null default '1', "display_order" integer not null default '0', "is_active" tinyint(1) not null default '1', "created_at" datetime, "updated_at" datetime);

INSERT INTO toppings VALUES (1, 'Pepperoni', 'meat', 1, 1.0, 1, 1, '2025-04-02 06:31:58', '2025-04-02 06:31:58');
INSERT INTO toppings VALUES (2, 'Italian Sausage', 'meat', 1, 1.0, 2, 1, '2025-04-02 06:31:58', '2025-04-02 06:31:58');
INSERT INTO toppings VALUES (3, 'Hot Sausage', 'meat', 1, 1.0, 3, 1, '2025-04-02 06:31:58', '2025-04-02 06:31:58');
INSERT INTO toppings VALUES (4, 'Ham', 'meat', 1, 1.0, 4, 1, '2025-04-02 06:31:58', '2025-04-02 06:31:58');
INSERT INTO toppings VALUES (5, 'Mushrooms', 'veggie', 1, 1.0, 5, 1, '2025-04-02 06:31:58', '2025-04-02 06:31:58');
INSERT INTO toppings VALUES (6, 'Tomatoes', 'veggie', 1, 1.0, 6, 1, '2025-04-02 06:31:58', '2025-04-02 06:31:58');
INSERT INTO toppings VALUES (7, 'Green Peppers', 'veggie', 1, 1.0, 7, 1, '2025-04-02 06:31:58', '2025-04-02 06:31:58');
INSERT INTO toppings VALUES (8, 'Hot Peppers', 'veggie', 1, 1.0, 8, 1, '2025-04-02 06:31:58', '2025-04-02 06:31:58');
INSERT INTO toppings VALUES (9, 'Jalapeños', 'veggie', 1, 1.0, 9, 1, '2025-04-02 06:31:58', '2025-04-02 06:31:58');
INSERT INTO toppings VALUES (10, 'Onions', 'veggie', 1, 1.0, 10, 1, '2025-04-02 06:31:58', '2025-04-02 06:31:58');
INSERT INTO toppings VALUES (11, 'Green Olives', 'veggie', 1, 1.0, 11, 1, '2025-04-02 06:31:58', '2025-04-02 06:31:58');
INSERT INTO toppings VALUES (12, 'Anchovies', 'meat', 1, 1.0, 12, 1, '2025-04-02 06:31:58', '2025-04-02 06:31:58');
INSERT INTO toppings VALUES (13, 'Pineapple', 'veggie', 1, 1.0, 13, 1, '2025-04-02 06:31:58', '2025-04-02 06:31:58');
INSERT INTO toppings VALUES (14, 'Garlic', 'veggie', 1, 1.0, 14, 1, '2025-04-02 06:31:58', '2025-04-02 06:31:58');
INSERT INTO toppings VALUES (15, 'Bacon', 'meat', 1, 1.0, 15, 1, '2025-04-02 06:31:58', '2025-04-02 06:31:58');
INSERT INTO toppings VALUES (16, 'Bacon Bits', 'meat', 1, 1.0, 16, 1, '2025-04-02 06:31:58', '2025-04-02 06:31:58');
INSERT INTO toppings VALUES (17, 'Black Olives', 'veggie', 1, 1.0, 17, 1, '2025-04-02 06:31:58', '2025-04-02 06:31:58');
INSERT INTO toppings VALUES (18, 'Extra Cheese', 'cheese', 1, 1.0, 18, 1, '2025-04-02 06:31:58', '2025-04-02 06:31:58');
INSERT INTO toppings VALUES (19, 'Real Chicken', 'meat', 2, 1.0, 19, 1, '2025-04-02 06:31:58', '2025-04-02 06:31:58');
INSERT INTO toppings VALUES (20, 'Feta Cheese', 'cheese', 1, 1.0, 20, 1, '2025-04-02 06:31:58', '2025-04-02 06:31:58');
INSERT INTO toppings VALUES (21, 'Sun-dried Tomatoes', 'veggie', 1, 1.0, 21, 1, '2025-04-02 06:31:58', '2025-04-02 06:31:58');
INSERT INTO toppings VALUES (22, 'Ground Beef', 'meat', 1, 1.0, 22, 1, '2025-04-02 06:31:58', '2025-04-02 06:31:58');
INSERT INTO toppings VALUES (23, 'Meatballs', 'meat', 1, 1.0, 23, 1, '2025-04-02 06:31:58', '2025-04-02 06:31:58');
INSERT INTO toppings VALUES (24, 'Corn', 'veggie', 1, 1.0, 24, 1, '2025-04-02 06:31:58', '2025-04-02 06:31:58');
CREATE TABLE "combo_products" ("id" integer primary key autoincrement not null, "combo_id" integer not null, "product_id" integer not null, "quantity" integer not null default '1', "size" varchar, "max_toppings" integer not null default '0', "is_optional" tinyint(1) not null default '0', "additional_price" numeric not null default '0', "created_at" datetime, "updated_at" datetime, foreign key("combo_id") references "combos"("id") on delete cascade, foreign key("product_id") references "products"("id") on delete cascade);

CREATE TABLE "orders" ("id" integer primary key autoincrement not null, "order_number" varchar not null, "customer_name" varchar not null, "customer_phone" varchar not null, "customer_email" varchar, "pickup_time" datetime not null, "subtotal" numeric not null, "tax_amount" numeric not null default '0', "discount_amount" numeric not null default '0', "total" numeric not null, "payment_method" varchar not null default 'pickup', "payment_status" varchar not null default 'pending', "payment_id" varchar, "order_status" varchar not null default 'pending', "order_notes" text, "discount_id" integer, "created_at" datetime, "updated_at" datetime, foreign key("discount_id") references "discounts"("id") on delete set null);

INSERT INTO orders VALUES (1, 'PISA-20250402-366V', 'Tes', '999999999', 'msms@ml.com', '2025-04-02 13:15:00', 24.39, 3.1707, 0, 27.5607, 'pay_in_store', 'pending', NULL, 'pending', NULL, NULL, '2025-04-02 12:44:05', '2025-04-02 12:44:05');
CREATE TABLE "order_items" ("id" integer primary key autoincrement not null, "order_id" integer not null, "item_type" varchar not null, "item_id" integer not null, "name" varchar not null, "size" varchar, "quantity" integer not null, "unit_price" numeric not null, "subtotal" numeric not null, "options" text, "notes" text, "is_upsell" tinyint(1) not null default '0', "created_at" datetime, "updated_at" datetime, foreign key("order_id") references "orders"("id") on delete cascade);

INSERT INTO order_items VALUES (1, 1, 'product', 15, 'Large Pizza', NULL, 1, 24.39, 24.39, '"{\"size\":null,\"toppings\":[\"Tomatoes\",\"Jalape\\u00f1os\",\"Pineapple\",\"Sun-dried Tomatoes\"],\"extras\":[],\"notes\":null}"', NULL, 0, '2025-04-02 12:44:05', '2025-04-02 12:44:05');
CREATE TABLE "discounts" ("id" integer primary key autoincrement not null, "code" varchar not null, "description" varchar, "type" varchar check ("type" in ('fixed', 'percentage')) not null default 'fixed', "value" numeric not null, "usage_limit" integer, "usage_count" integer not null default '0', "expires_at" datetime, "active" tinyint(1) not null default '1', "created_at" datetime, "updated_at" datetime);

CREATE TABLE "product_toppings" ("id" integer primary key autoincrement not null, "product_id" integer not null, "topping_id" integer not null, "is_default" tinyint(1) not null default '0', "quantity" integer not null default '1', "size" varchar, "created_at" datetime, "updated_at" datetime, foreign key("product_id") references "products"("id") on delete cascade, foreign key("topping_id") references "toppings"("id") on delete cascade);

INSERT INTO product_toppings VALUES (1, 2, 1, 1, 1, NULL, '2025-04-02 06:31:58', '2025-04-02 06:31:58');
INSERT INTO product_toppings VALUES (2, 2, 5, 1, 1, NULL, '2025-04-02 06:31:58', '2025-04-02 06:31:58');
INSERT INTO product_toppings VALUES (3, 2, 15, 1, 1, NULL, '2025-04-02 06:31:58', '2025-04-02 06:31:58');
INSERT INTO product_toppings VALUES (4, 2, 18, 1, 1, NULL, '2025-04-02 06:31:58', '2025-04-02 06:31:58');
INSERT INTO product_toppings VALUES (5, 3, 4, 1, 1, NULL, '2025-04-02 06:31:58', '2025-04-02 06:31:58');
INSERT INTO product_toppings VALUES (6, 3, 13, 1, 1, NULL, '2025-04-02 06:31:58', '2025-04-02 06:31:58');
INSERT INTO product_toppings VALUES (7, 3, 15, 1, 1, NULL, '2025-04-02 06:31:58', '2025-04-02 06:31:58');
INSERT INTO product_toppings VALUES (8, 3, 18, 1, 1, NULL, '2025-04-02 06:31:58', '2025-04-02 06:31:58');
INSERT INTO product_toppings VALUES (9, 4, 1, 1, 1, NULL, '2025-04-02 06:31:58', '2025-04-02 06:31:58');
INSERT INTO product_toppings VALUES (10, 4, 2, 1, 1, NULL, '2025-04-02 06:31:58', '2025-04-02 06:31:58');
INSERT INTO product_toppings VALUES (11, 4, 15, 1, 1, NULL, '2025-04-02 06:31:58', '2025-04-02 06:31:58');
INSERT INTO product_toppings VALUES (12, 4, 4, 1, 1, NULL, '2025-04-02 06:31:58', '2025-04-02 06:31:58');
INSERT INTO product_toppings VALUES (13, 4, 22, 1, 1, NULL, '2025-04-02 06:31:58', '2025-04-02 06:31:58');
INSERT INTO product_toppings VALUES (14, 5, 6, 1, 1, NULL, '2025-04-02 06:31:58', '2025-04-02 06:31:58');
INSERT INTO product_toppings VALUES (15, 5, 22, 1, 1, NULL, '2025-04-02 06:31:58', '2025-04-02 06:31:58');
INSERT INTO product_toppings VALUES (16, 5, 8, 1, 1, NULL, '2025-04-02 06:31:58', '2025-04-02 06:31:58');
INSERT INTO product_toppings VALUES (17, 5, 10, 1, 1, NULL, '2025-04-02 06:31:58', '2025-04-02 06:31:58');
INSERT INTO product_toppings VALUES (18, 5, 5, 1, 1, NULL, '2025-04-02 06:31:58', '2025-04-02 06:31:58');
INSERT INTO product_toppings VALUES (19, 6, 5, 1, 1, NULL, '2025-04-02 06:31:58', '2025-04-02 06:31:58');
INSERT INTO product_toppings VALUES (20, 6, 7, 1, 1, NULL, '2025-04-02 06:31:58', '2025-04-02 06:31:58');
INSERT INTO product_toppings VALUES (21, 6, 6, 1, 1, NULL, '2025-04-02 06:31:58', '2025-04-02 06:31:58');
INSERT INTO product_toppings VALUES (22, 6, 11, 1, 1, NULL, '2025-04-02 06:31:58', '2025-04-02 06:31:58');
INSERT INTO product_toppings VALUES (23, 6, 10, 1, 1, NULL, '2025-04-02 06:31:58', '2025-04-02 06:31:58');
INSERT INTO product_toppings VALUES (24, 7, 19, 1, 1, NULL, '2025-04-02 06:31:58', '2025-04-02 06:31:58');
INSERT INTO product_toppings VALUES (25, 7, 10, 1, 1, NULL, '2025-04-02 06:31:58', '2025-04-02 06:31:58');
INSERT INTO product_toppings VALUES (26, 7, 6, 1, 1, NULL, '2025-04-02 06:31:58', '2025-04-02 06:31:58');
INSERT INTO product_toppings VALUES (27, 7, 5, 1, 1, NULL, '2025-04-02 06:31:58', '2025-04-02 06:31:58');
INSERT INTO product_toppings VALUES (28, 7, 18, 1, 1, NULL, '2025-04-02 06:31:58', '2025-04-02 06:31:58');
INSERT INTO product_toppings VALUES (29, 8, 5, 1, 1, NULL, '2025-04-02 06:31:58', '2025-04-02 06:31:58');
INSERT INTO product_toppings VALUES (30, 8, 10, 1, 1, NULL, '2025-04-02 06:31:58', '2025-04-02 06:31:58');
INSERT INTO product_toppings VALUES (31, 8, 6, 1, 1, NULL, '2025-04-02 06:31:58', '2025-04-02 06:31:58');
INSERT INTO product_toppings VALUES (32, 8, 20, 1, 1, NULL, '2025-04-02 06:31:58', '2025-04-02 06:31:58');
INSERT INTO product_toppings VALUES (33, 8, 17, 1, 1, NULL, '2025-04-02 06:31:58', '2025-04-02 06:31:58');
INSERT INTO product_toppings VALUES (34, 9, 19, 1, 1, NULL, '2025-04-02 06:31:58', '2025-04-02 06:31:58');
INSERT INTO product_toppings VALUES (35, 9, 18, 1, 1, NULL, '2025-04-02 06:31:58', '2025-04-02 06:31:58');
INSERT INTO product_toppings VALUES (36, 9, 10, 1, 1, NULL, '2025-04-02 06:31:58', '2025-04-02 06:31:58');
INSERT INTO product_toppings VALUES (37, 10, 19, 1, 1, NULL, '2025-04-02 06:31:58', '2025-04-02 06:31:58');
INSERT INTO product_toppings VALUES (38, 10, 6, 1, 1, NULL, '2025-04-02 06:31:58', '2025-04-02 06:31:58');
INSERT INTO product_toppings VALUES (39, 10, 10, 1, 1, NULL, '2025-04-02 06:31:58', '2025-04-02 06:31:58');
INSERT INTO product_toppings VALUES (40, 11, 21, 1, 1, NULL, '2025-04-02 06:31:58', '2025-04-02 06:31:58');
INSERT INTO product_toppings VALUES (41, 11, 17, 1, 1, NULL, '2025-04-02 06:31:58', '2025-04-02 06:31:58');
INSERT INTO product_toppings VALUES (42, 11, 10, 1, 1, NULL, '2025-04-02 06:31:58', '2025-04-02 06:31:58');
INSERT INTO product_toppings VALUES (43, 11, 20, 1, 1, NULL, '2025-04-02 06:31:58', '2025-04-02 06:31:58');
INSERT INTO product_toppings VALUES (44, 12, 23, 1, 1, NULL, '2025-04-02 06:31:58', '2025-04-02 06:31:58');
INSERT INTO product_toppings VALUES (45, 12, 7, 1, 1, NULL, '2025-04-02 06:31:58', '2025-04-02 06:31:58');
INSERT INTO product_toppings VALUES (46, 12, 15, 1, 1, NULL, '2025-04-02 06:31:58', '2025-04-02 06:31:58');
INSERT INTO product_toppings VALUES (47, 12, 10, 1, 1, NULL, '2025-04-02 06:31:58', '2025-04-02 06:31:58');
INSERT INTO product_toppings VALUES (48, 13, 19, 1, 1, NULL, '2025-04-02 06:31:58', '2025-04-02 06:31:58');
INSERT INTO product_toppings VALUES (49, 13, 10, 1, 1, NULL, '2025-04-02 06:31:58', '2025-04-02 06:31:58');
INSERT INTO product_toppings VALUES (50, 13, 6, 1, 1, NULL, '2025-04-02 06:31:58', '2025-04-02 06:31:58');
CREATE TABLE "settings" ("id" integer primary key autoincrement not null, "key" varchar not null, "value" text, "group" varchar not null default 'general', "type" varchar not null default 'text', "is_public" tinyint(1) not null default '1', "created_at" datetime, "updated_at" datetime);

INSERT INTO settings VALUES (1, 'site_name', 'PISA Pizza', 'general', 'text', 1, NULL, NULL);
INSERT INTO settings VALUES (2, 'tax_enabled', 'true', 'tax', 'boolean', 1, NULL, NULL);
INSERT INTO settings VALUES (3, 'tax_rate', '13', 'tax', 'number', 1, NULL, NULL);
INSERT INTO settings VALUES (4, 'business_hours', '{"monday":["11:00-21:00"],"tuesday":["11:00-21:00"],"wednesday":["11:00-21:00"],"thursday":["11:00-21:00"],"friday":["11:00-22:00"],"saturday":["11:00-22:00"],"sunday":["12:00-20:00"]}', 'business', 'json', 1, NULL, NULL);
INSERT INTO settings VALUES (5, 'discounts_enabled', 'true', 'discount', 'boolean', 1, NULL, NULL);
INSERT INTO settings VALUES (6, 'site_description', 'Best pizza in town!', 'general', 'text', 1, '2025-04-02 06:31:52', '2025-04-02 06:31:52');
INSERT INTO settings VALUES (7, 'contact_email', 'info@pisapizza.com', 'contact', 'text', 1, '2025-04-02 06:31:52', '2025-04-02 06:31:52');
INSERT INTO settings VALUES (8, 'contact_phone', '555-123-4567', 'contact', 'text', 1, '2025-04-02 06:31:52', '2025-04-02 06:31:52');
INSERT INTO settings VALUES (9, 'address', '123 Main St, Toronto, ON M5V 2L7', 'contact', 'text', 1, '2025-04-02 06:31:52', '2025-04-02 06:31:52');
INSERT INTO settings VALUES (10, 'min_order_amount', '10.00', 'order', 'text', 1, '2025-04-02 06:31:52', '2025-04-02 06:31:52');
INSERT INTO settings VALUES (11, 'delivery_fee', '5.00', 'order', 'text', 1, '2025-04-02 06:31:52', '2025-04-02 06:31:52');
INSERT INTO settings VALUES (12, 'monday_hours', '11:00-22:00', 'hours', 'text', 1, '2025-04-02 06:31:52', '2025-04-02 06:31:52');
INSERT INTO settings VALUES (13, 'tuesday_hours', '11:00-22:00', 'hours', 'text', 1, '2025-04-02 06:31:52', '2025-04-02 06:31:52');
INSERT INTO settings VALUES (14, 'wednesday_hours', '11:00-22:00', 'hours', 'text', 1, '2025-04-02 06:31:52', '2025-04-02 06:31:52');
INSERT INTO settings VALUES (15, 'thursday_hours', '11:00-22:00', 'hours', 'text', 1, '2025-04-02 06:31:52', '2025-04-02 06:31:52');
INSERT INTO settings VALUES (16, 'friday_hours', '11:00-23:00', 'hours', 'text', 1, '2025-04-02 06:31:52', '2025-04-02 06:31:52');
INSERT INTO settings VALUES (17, 'saturday_hours', '12:00-23:00', 'hours', 'text', 1, '2025-04-02 06:31:52', '2025-04-02 06:31:52');
INSERT INTO settings VALUES (18, 'sunday_hours', '12:00-21:00', 'hours', 'text', 1, '2025-04-02 06:31:52', '2025-04-02 06:31:52');
INSERT INTO settings VALUES (19, 'facebook_url', 'https://facebook.com/pisapizza', 'social', 'text', 1, '2025-04-02 06:31:52', '2025-04-02 06:31:52');
INSERT INTO settings VALUES (20, 'instagram_url', 'https://instagram.com/pisapizza', 'social', 'text', 1, '2025-04-02 06:31:52', '2025-04-02 06:31:52');
INSERT INTO settings VALUES (21, 'twitter_url', 'https://twitter.com/pisapizza', 'social', 'text', 1, '2025-04-02 06:31:52', '2025-04-02 06:31:52');
INSERT INTO settings VALUES (22, 'enable_extra_toppings', '1', 'pizza', 'boolean', 1, '2025-04-02 06:31:52', '2025-04-02 06:31:52');
INSERT INTO settings VALUES (23, 'separate_pizza_toppings', '1', 'pizza', 'boolean', 1, '2025-04-02 06:31:52', '2025-04-02 06:31:52');
INSERT INTO settings VALUES (24, 'extra_toppings_button_color', 'red', 'pizza', 'string', 1, '2025-04-02 06:31:52', '2025-04-02 06:31:52');
INSERT INTO settings VALUES (25, 'use_same_topping_list_for_extras', '1', 'pizza', 'boolean', 1, '2025-04-02 06:31:52', '2025-04-02 06:31:52');
INSERT INTO settings VALUES (26, 'business_name', 'Pisa Pizza', 'general', 'text', 1, '2025-04-02 12:40:41', '2025-04-02 12:40:41');
INSERT INTO settings VALUES (27, 'business_email', 'support@pisapizza.com', 'general', 'text', 1, '2025-04-02 12:40:41', '2025-04-02 12:40:41');
INSERT INTO settings VALUES (28, 'business_phone', '905-547-5777', 'general', 'text', 1, '2025-04-02 12:40:41', '2025-04-02 12:40:41');
INSERT INTO settings VALUES (29, 'business_address', '55 Parkdale Ave North, Hamilton ON L8H 5W7', 'general', 'text', 1, '2025-04-02 12:40:41', '2025-04-02 12:40:41');
INSERT INTO settings VALUES (30, 'pay_at_pickup_enabled', '1', 'general', 'boolean', 1, '2025-04-02 12:41:05', '2025-04-02 12:42:54');
INSERT INTO settings VALUES (31, 'stripe_public_key', NULL, 'general', 'string', 1, '2025-04-02 12:41:05', '2025-04-02 12:42:54');
INSERT INTO settings VALUES (32, 'stripe_secret_key', NULL, 'general', 'string', 1, '2025-04-02 12:41:05', '2025-04-02 12:42:54');
INSERT INTO settings VALUES (33, 'online_payment_enabled', '0', 'general', 'boolean', 1, '2025-04-02 12:42:54', '2025-04-02 12:42:54');
CREATE TABLE "combo_product" ("id" integer primary key autoincrement not null, "combo_id" integer not null, "product_id" integer not null, "quantity" integer not null default '1', "size" varchar, "max_toppings" integer, "is_optional" tinyint(1) not null default '0', "additional_price" numeric not null default '0', "name" varchar, "is_pizza" tinyint(1) not null default '0', "created_at" datetime, "updated_at" datetime, foreign key("combo_id") references "combos"("id") on delete cascade, foreign key("product_id") references "products"("id") on delete cascade);

CREATE TABLE "combo_upsell_product" ("id" integer primary key autoincrement not null, "created_at" datetime, "updated_at" datetime);

CREATE TABLE "combos" ("id" integer primary key autoincrement not null, "name" varchar not null, "slug" varchar not null, "description" text, "image" varchar, "add_ons" text, "active" tinyint(1) not null default ('1'), "sort_order" integer not null default ('0'), "created_at" datetime, "updated_at" datetime, "product_id" integer not null, foreign key("product_id") references products("id") on delete cascade on update no action);

INSERT INTO combos VALUES (6, '2 Medium Pizzas Combo', 'two-medium-pizzas-combo-1743593956', '2 Medium Pizzas (3 toppings each), 2 lbs Wings, 4 Pops, Veggie Sticks, Blue Cheese, Free Dipping Sauce', NULL, '{"third_pizza":{"name":"Add 3rd Pizza","description":"Add a third medium pizza with 3 toppings","price":10.99},"garlic_bread":{"name":"Free Garlic Bread","description":"Add free garlic bread to your order","price":0,"options":{"add_cheese":{"name":"Add Cheese","price":1.5}}},"pop_selection":{"name":"Pop Selection","description":"Choose your 4 included pops","price":0,"options":["Coke","Pepsi","Sprite","Diet Coke","Diet Pepsi","Dr Pepper","Orange Crush","Cream Soda","Brisk Ice Tea","Canada Dry","Water bottle"]}}', 1, 1, '2025-04-02 07:39:16', '2025-04-02 07:39:16', 52);
INSERT INTO combos VALUES (7, '2 Large Pizzas Combo', 'two-large-pizzas-combo-1743593959', '2 Large Pizzas (3 toppings each), 3 lbs Wings, 4 Pops, Veggie Sticks, Blue Cheese, Free Dipping Sauce', NULL, '{"third_pizza":{"name":"Add 3rd Pizza","description":"Add a third large pizza with 3 toppings","price":12.99},"garlic_bread":{"name":"Free Garlic Bread","description":"Add free garlic bread to your order","price":0,"options":{"add_cheese":{"name":"Add Cheese","price":1.5}}},"pop_selection":{"name":"Pop Selection","description":"Choose your 4 included pops","price":0,"options":["Coke","Pepsi","Sprite","Diet Coke","Diet Pepsi","Dr Pepper","Orange Crush","Cream Soda","Brisk Ice Tea","Canada Dry","Water bottle"]}}', 1, 2, '2025-04-02 07:39:19', '2025-04-02 07:39:19', 53);
INSERT INTO combos VALUES (8, '2 X-Large Pizzas Combo', 'two-xlarge-pizzas-combo-1743593962', '2 X-Large Pizzas (3 toppings each), 3 lbs Wings, 4 Pops, Veggie Sticks, Blue Cheese, Free Dipping Sauce', NULL, '{"third_pizza":{"name":"Add 3rd Pizza","description":"Add a third X-Large pizza with 3 toppings","price":13.99},"garlic_bread":{"name":"Free Garlic Bread","description":"Add free garlic bread to your order","price":0,"options":{"add_cheese":{"name":"Add Cheese","price":1.5}}},"pop_selection":{"name":"Pop Selection","description":"Choose your 4 included pops","price":0,"options":["Coke","Pepsi","Sprite","Diet Coke","Diet Pepsi","Dr Pepper","Orange Crush","Cream Soda","Brisk Ice Tea","Canada Dry","Water bottle"]}}', 1, 3, '2025-04-02 07:39:22', '2025-04-02 07:39:22', 54);
INSERT INTO combos VALUES (9, 'Ultimate Pizza & Wings Combo', 'ultimate-pizza-wings-combo-1743593965', '1 Pizza with Cheese + 3 Toppings, Wings (12 for Medium, 3 lbs for others), Veggie Sticks, Blue Cheese, and Free Dipping Sauce', NULL, '{"second_pizza":{"name":"Add 2nd Pizza","description":"Add a second pizza (only available for Jumbo)","price":15.99,"only_for_sizes":["jumbo"]},"extra_wings":{"name":"Extra Wings","description":"Add more wings to your combo","price":10.49,"per_unit":"lb"},"pop":{"name":"Add Pop","description":"Add 4 pops to your combo","price":4.99,"options":["Coke","Pepsi","Sprite","Diet Coke","Diet Pepsi","Dr Pepper","Orange Crush","Cream Soda","Brisk Ice Tea","Canada Dry","Water bottle"]}}', 1, 4, '2025-04-02 07:39:25', '2025-04-02 07:39:25', 55);
